{
    "url": {
        "entity2index": {
            "https://docs.google.com/a/heid.vn/spreadsheets/d/1qwyU99wFzifLlcdDtfziPXwgXv4jFI92pbpDcyNhT3o/edit?usp=drivesdk": "__url0__",
            "http://gioithieu.sachmem.vn/huongdan/dang-ky-tai-khoan/": "__url1__",
            "https://www.youtube.com/watch?v=JYEED-CF5fY": "__url2__",
            "https://drive.google.com/drive/u/1/folders/145PpYvuUD9RZV7WtSF83Z6n_xKDsMn0E": "__url3__",
            "https://gioithieu.sachmem.vn/": "__url4__",
            "http://gioithieu.sachmem.vn/huong-dan-nap-ma-the-cao-sach-mem/.": "__url5__",
            "https://m.facebook.com/story.php?story_fbid=314873918941662&id=100012571686769": "__url6__",
            "https://m.facebook.com/story.php?story_fbid=2235064533387847&id=1852852411609063": "__url7__",
            "www.edubook.com.vn": "__url8__",
            "https://tuvung.sachmem.vn": "__url9__",
            "https://www.youtube.com/watch?v=vv6cMqSAFSs": "__url10__",
            "kiemtra.sachmem.vn": "__url11__",
            "https://www.facebook.com/sieuthisachnxbgiaoduc/": "__url12__",
            "https://www.youtube.com/watch?v=5zjoHZa1Tl4": "__url13__",
            "https://m.facebook.com/story.php?story_fbid=341933626235691&id=100012571686769": "__url14__",
            "www.sachmem.vn": "__url15__",
            "sachmem.vn": "__url16__",
            "https://gioithieu.sachmem.vn/huong-dan-su-dung/": "__url17__",
            "http://gioithieu.sachmem.vn/huongdan/tao-file-word/": "__url18__",
            "http://mocnoi.com/hoidap-ct-1291408-huong-dan-xem-thu-rac-trong-gmail-moi-nhat-2016.htm": "__url19__",
            "http://gioithieu.sachmem.vn/huongdan/na%CC%A3p-ma%CC%83-the%CC%89-cao-sach-mem/": "__url20__",
            "https://gioithieu.sachmem.vn/huongdan/na%CC%A3p-ma%CC%83-the%CC%89-cao-sach-mem/": "__url21__",
            "fb.com/sachmem.vn": "__url22__",
            "http://mailto:Truyenthong@phuongnam.edu.vn": "__url23__",
            "https://gioithieu.sachmem.vn/huongdan/thẻ-sủ-dụng-cho-giao-vien/": "__url24__",
            "https://gioithieu.sachmem.vn/huongdan/nạp-mã-thẻ-cao-sach-mem/": "__url25__",
            "https://www.sachmem.vn/trial?type=teacher": "__url26__",
            "https://gioithieu.sachmem.vn/hướng-dẫn-sử-dụng/": "__url27__",
            "http://gioithieu.sachmem.vn/huongdan/dang-ky-tai-khoan/\\": "__url28__",
            "tuvung.sachmem.vn": "__url29__",
            "https://3s.digitalpower.vn/guide": "__url30__",
            "hoclieu.sachmem.vn": "__url31__",
            "https://gioithieu.sachmem.vn/huongdan/the%CC%89-su%CC%89-du%CC%A3ng-cho-giao-vien/": "__url32__",
            "http://heid.vn/tai-lieu/": "__url33__",
            "kiemtr.sachmem.vn": "__url34__",
            "https://docs.google.com/document/d/1DaDMLaeK0-5r6CJT1DzePCLvqnKjXFrIG2cBMvGnDvk/edit?ts=5cc2bdda&fbclid=IwAR1VvwTAvgREyxtRytoXCWpa5uC2qZYz0a1rpw1c64ybJERtuRnjBdOHrlI": "__url35__",
            "gioithieu.sachmem.vn": "__url36__",
            "www.sachmem.cn": "__url37__",
            "https://kiemtra.sachmem.vn/": "__url38__",
            "https://docs.google.com/document/d/1DaDMLaeK0-5r6CJT1DzePCLvqnKjXFrIG2cBMvGnDvk/edit?ts=5cc2bdda&fbclid=IwAR3eS1gpEVBCzCxLx0qz3jwc252kCpBdtyrg8amFR46_f94Oq0T2Z6ujMsA": "__url39__",
            "iseebook.vn": "__url40__",
            "http://thuthuat.taimienphi.vn/cach-tao-tai-khoan-gmail-cho-nguoi-dung-moi-504n.aspx": "__url41__",
            "eduboook.com": "__url42__",
            "https://www.facebook.com/www.sachmem.vn/posts/674841086278275?comment_id=730938677335182&notif_id=1564638059297202&notif_t=feed_comment&ref=notif": "__url43__",
            "https://docs.google.com/document/d/1DaDMLaeK0-5r6CJT1DzePCLvqnKjXFrIG2cBMvGnDvk/edit?ts=5cc2bdda": "__url44__",
            "https://www.sachmem.vn": "__url45__",
            "https://docs.google.com/…/1DaDMLaeK0-5r6CJT1DzePCLvqn…/edit…": "__url46__",
            "https://www.facebook.com/story.php?story_fbid=2235064533387847&id=1852852411609063": "__url47__",
            "iseebooks.vn": "__url48__",
            "www.edubook.com": "__url49__",
            "https://gioithieu.sachmem.vn/huongdan/nap-ma-the-cao-sach-mem/": "__url50__",
            "https://hoclieu.sachmem.vn/question_set/5be2e2de9f9dc0385db2e9ef/5cf8ef6281522b4e06d1da0a/preview": "__url51__",
            "tunvung.sachmem.vn": "__url52__",
            "https://www.facebook.com/www.sachmem.vn/posts/746395599122823?comment_id=748189378943445&notif_id=1566921928727043&notif_t=feed_comment&ref=notif": "__url53__",
            "https://docs.google.com/forms/d/e/1FAIpQLSc5BfL_X0xnf1x80uOrsCEn6YCHfno6oAbIRrmwWtQRrMavBw/viewform?fbclid=IwAR2jRpOXGFSAldF49MUASJ0_b2Xj5_Cr38Q1jzUMLBHOxYoUUo31c5_PgJo": "__url54__",
            "https://www.facebook.com/www.sachmem.vn/posts/735101963585520": "__url55__",
            "iseebooks.com": "__url56__",
            "http://heid.vn/cac-bai-giang-dien-tu/": "__url57__",
            "https://www.facebook.com/sachmem.vn/posts/2549111215316509?comment_id=2587108644850099&notif_id=1569590819696500&notif_t=feed_comment": "__url58__",
            "edubook.com.vn": "__url59__",
            "fb.com": "__url60__",
            "https://drive.google.com/file/d/0B3ZQg1ya5MMCNVR0OXVIcmdYOFE/view": "__url61__",
            "https://drive.google.com/file/d/0B3ZQg1ya5MMCbE1WUVpTaF9Db2M/view": "__url62__",
            "https://docs.google.com/document/d/1CLaZDk4WiZ_hG5DJ3c2XSGat1cJU_qZDYnVcvozLHGA/edit?usp=sharing": "__url63__",
            "https://docs.google.com/document/d/1CLaZDk4WiZ_hG5DJ3c2XSGat1cJU_qZDYnVcvozLHGA/edit#heading=h.bs086uow3ilg": "__url64__",
            "hocjlieu.sachmem.vn": "__url65__",
            "https://docs.google.com/document/d/1CLaZDk4WiZ_hG5DJ3c2XSGat1cJU_qZDYnVcvozLHGA/edit": "__url66__",
            "https://docs.google.com/document/d/1CLaZDk4WiZ_hG5DJ3c2XSGat1cJU_qZDYnVcvozLHGA/edit?fbclid=IwAR0XYpQW4g0Xw6XUc2I45W5g10yEH9TkuvFusIUn9qJvz4oa-IHjm9_sZ3U": "__url67__",
            "https://docs.google.com/document/d/1myZ_QLC0Uf_cIP5MHuoobQpppYfxb28Tv1FMcIMGksg/edit#heading=h.vyq1astrpqhx": "__url68__",
            "www.sachmem.com.vn": "__url69__"
        },
        "index2entity": {
            "__url0__": "https://docs.google.com/a/heid.vn/spreadsheets/d/1qwyU99wFzifLlcdDtfziPXwgXv4jFI92pbpDcyNhT3o/edit?usp=drivesdk",
            "__url1__": "http://gioithieu.sachmem.vn/huongdan/dang-ky-tai-khoan/",
            "__url2__": "https://www.youtube.com/watch?v=JYEED-CF5fY",
            "__url3__": "https://drive.google.com/drive/u/1/folders/145PpYvuUD9RZV7WtSF83Z6n_xKDsMn0E",
            "__url4__": "https://gioithieu.sachmem.vn/",
            "__url5__": "http://gioithieu.sachmem.vn/huong-dan-nap-ma-the-cao-sach-mem/.",
            "__url6__": "https://m.facebook.com/story.php?story_fbid=314873918941662&id=100012571686769",
            "__url7__": "https://m.facebook.com/story.php?story_fbid=2235064533387847&id=1852852411609063",
            "__url8__": "www.edubook.com.vn",
            "__url9__": "https://tuvung.sachmem.vn",
            "__url10__": "https://www.youtube.com/watch?v=vv6cMqSAFSs",
            "__url11__": "kiemtra.sachmem.vn",
            "__url12__": "https://www.facebook.com/sieuthisachnxbgiaoduc/",
            "__url13__": "https://www.youtube.com/watch?v=5zjoHZa1Tl4",
            "__url14__": "https://m.facebook.com/story.php?story_fbid=341933626235691&id=100012571686769",
            "__url15__": "www.sachmem.vn",
            "__url16__": "sachmem.vn",
            "__url17__": "https://gioithieu.sachmem.vn/huong-dan-su-dung/",
            "__url18__": "http://gioithieu.sachmem.vn/huongdan/tao-file-word/",
            "__url19__": "http://mocnoi.com/hoidap-ct-1291408-huong-dan-xem-thu-rac-trong-gmail-moi-nhat-2016.htm",
            "__url20__": "http://gioithieu.sachmem.vn/huongdan/na%CC%A3p-ma%CC%83-the%CC%89-cao-sach-mem/",
            "__url21__": "https://gioithieu.sachmem.vn/huongdan/na%CC%A3p-ma%CC%83-the%CC%89-cao-sach-mem/",
            "__url22__": "fb.com/sachmem.vn",
            "__url23__": "http://mailto:Truyenthong@phuongnam.edu.vn",
            "__url24__": "https://gioithieu.sachmem.vn/huongdan/thẻ-sủ-dụng-cho-giao-vien/",
            "__url25__": "https://gioithieu.sachmem.vn/huongdan/nạp-mã-thẻ-cao-sach-mem/",
            "__url26__": "https://www.sachmem.vn/trial?type=teacher",
            "__url27__": "https://gioithieu.sachmem.vn/hướng-dẫn-sử-dụng/",
            "__url28__": "http://gioithieu.sachmem.vn/huongdan/dang-ky-tai-khoan/\\",
            "__url29__": "tuvung.sachmem.vn",
            "__url30__": "https://3s.digitalpower.vn/guide",
            "__url31__": "hoclieu.sachmem.vn",
            "__url32__": "https://gioithieu.sachmem.vn/huongdan/the%CC%89-su%CC%89-du%CC%A3ng-cho-giao-vien/",
            "__url33__": "http://heid.vn/tai-lieu/",
            "__url34__": "kiemtr.sachmem.vn",
            "__url35__": "https://docs.google.com/document/d/1DaDMLaeK0-5r6CJT1DzePCLvqnKjXFrIG2cBMvGnDvk/edit?ts=5cc2bdda&fbclid=IwAR1VvwTAvgREyxtRytoXCWpa5uC2qZYz0a1rpw1c64ybJERtuRnjBdOHrlI",
            "__url36__": "gioithieu.sachmem.vn",
            "__url37__": "www.sachmem.cn",
            "__url38__": "https://kiemtra.sachmem.vn/",
            "__url39__": "https://docs.google.com/document/d/1DaDMLaeK0-5r6CJT1DzePCLvqnKjXFrIG2cBMvGnDvk/edit?ts=5cc2bdda&fbclid=IwAR3eS1gpEVBCzCxLx0qz3jwc252kCpBdtyrg8amFR46_f94Oq0T2Z6ujMsA",
            "__url40__": "iseebook.vn",
            "__url41__": "http://thuthuat.taimienphi.vn/cach-tao-tai-khoan-gmail-cho-nguoi-dung-moi-504n.aspx",
            "__url42__": "eduboook.com",
            "__url43__": "https://www.facebook.com/www.sachmem.vn/posts/674841086278275?comment_id=730938677335182&notif_id=1564638059297202&notif_t=feed_comment&ref=notif",
            "__url44__": "https://docs.google.com/document/d/1DaDMLaeK0-5r6CJT1DzePCLvqnKjXFrIG2cBMvGnDvk/edit?ts=5cc2bdda",
            "__url45__": "https://www.sachmem.vn",
            "__url46__": "https://docs.google.com/…/1DaDMLaeK0-5r6CJT1DzePCLvqn…/edit…",
            "__url47__": "https://www.facebook.com/story.php?story_fbid=2235064533387847&id=1852852411609063",
            "__url48__": "iseebooks.vn",
            "__url49__": "www.edubook.com",
            "__url50__": "https://gioithieu.sachmem.vn/huongdan/nap-ma-the-cao-sach-mem/",
            "__url51__": "https://hoclieu.sachmem.vn/question_set/5be2e2de9f9dc0385db2e9ef/5cf8ef6281522b4e06d1da0a/preview",
            "__url52__": "tunvung.sachmem.vn",
            "__url53__": "https://www.facebook.com/www.sachmem.vn/posts/746395599122823?comment_id=748189378943445&notif_id=1566921928727043&notif_t=feed_comment&ref=notif",
            "__url54__": "https://docs.google.com/forms/d/e/1FAIpQLSc5BfL_X0xnf1x80uOrsCEn6YCHfno6oAbIRrmwWtQRrMavBw/viewform?fbclid=IwAR2jRpOXGFSAldF49MUASJ0_b2Xj5_Cr38Q1jzUMLBHOxYoUUo31c5_PgJo",
            "__url55__": "https://www.facebook.com/www.sachmem.vn/posts/735101963585520",
            "__url56__": "iseebooks.com",
            "__url57__": "http://heid.vn/cac-bai-giang-dien-tu/",
            "__url58__": "https://www.facebook.com/sachmem.vn/posts/2549111215316509?comment_id=2587108644850099&notif_id=1569590819696500&notif_t=feed_comment",
            "__url59__": "edubook.com.vn",
            "__url60__": "fb.com",
            "__url61__": "https://drive.google.com/file/d/0B3ZQg1ya5MMCNVR0OXVIcmdYOFE/view",
            "__url62__": "https://drive.google.com/file/d/0B3ZQg1ya5MMCbE1WUVpTaF9Db2M/view",
            "__url63__": "https://docs.google.com/document/d/1CLaZDk4WiZ_hG5DJ3c2XSGat1cJU_qZDYnVcvozLHGA/edit?usp=sharing",
            "__url64__": "https://docs.google.com/document/d/1CLaZDk4WiZ_hG5DJ3c2XSGat1cJU_qZDYnVcvozLHGA/edit#heading=h.bs086uow3ilg",
            "__url65__": "hocjlieu.sachmem.vn",
            "__url66__": "https://docs.google.com/document/d/1CLaZDk4WiZ_hG5DJ3c2XSGat1cJU_qZDYnVcvozLHGA/edit",
            "__url67__": "https://docs.google.com/document/d/1CLaZDk4WiZ_hG5DJ3c2XSGat1cJU_qZDYnVcvozLHGA/edit?fbclid=IwAR0XYpQW4g0Xw6XUc2I45W5g10yEH9TkuvFusIUn9qJvz4oa-IHjm9_sZ3U",
            "__url68__": "https://docs.google.com/document/d/1myZ_QLC0Uf_cIP5MHuoobQpppYfxb28Tv1FMcIMGksg/edit#heading=h.vyq1astrpqhx",
            "__url69__": "www.sachmem.com.vn"
        },
        "count": {
            "__url0__": 400,
            "__url1__": 515,
            "__url2__": 141,
            "__url3__": 2,
            "__url4__": 5,
            "__url5__": 234,
            "__url6__": 242,
            "__url7__": 21,
            "__url8__": 321,
            "__url9__": 1,
            "__url10__": 77,
            "__url11__": 19,
            "__url12__": 94,
            "__url13__": 10,
            "__url14__": 128,
            "__url15__": 86,
            "__url16__": 134,
            "__url17__": 14,
            "__url18__": 4,
            "__url19__": 2,
            "__url20__": 30,
            "__url21__": 267,
            "__url22__": 40,
            "__url23__": 1,
            "__url24__": 1,
            "__url25__": 1,
            "__url26__": 3,
            "__url27__": 1,
            "__url28__": 1,
            "__url29__": 3,
            "__url30__": 2,
            "__url31__": 7,
            "__url32__": 1,
            "__url33__": 4,
            "__url34__": 1,
            "__url35__": 17,
            "__url36__": 1,
            "__url37__": 1,
            "__url38__": 1,
            "__url39__": 1,
            "__url40__": 2,
            "__url41__": 1,
            "__url42__": 1,
            "__url43__": 1,
            "__url44__": 3,
            "__url45__": 4,
            "__url46__": 4,
            "__url47__": 5,
            "__url48__": 3,
            "__url49__": 2,
            "__url50__": 1,
            "__url51__": 2,
            "__url52__": 1,
            "__url53__": 6,
            "__url54__": 1,
            "__url55__": 1,
            "__url56__": 1,
            "__url57__": 1,
            "__url58__": 1,
            "__url59__": 1,
            "__url60__": 1,
            "__url61__": 1,
            "__url62__": 1,
            "__url63__": 1,
            "__url64__": 7,
            "__url65__": 1,
            "__url66__": 2,
            "__url67__": 1,
            "__url68__": 1,
            "__url69__": 1
        }
    },
    "email": {
        "entity2index": {
            "lienhe@sachmem.vn": "__email0__",
            "loveexoquang@gmail.com": "__email1__",
            "nguyenhoang33293@gmail.com": "__email2__",
            "nguyenhoa.01697788393@gmail.com": "__email3__",
            "quynhnn@phuongnam.edu.vn": "__email4__",
            "Truyenthong@phuongnam.edu.vn": "__email5__",
            "hongtam710@gmail.com": "__email6__",
            "huethieu0609@gmail.com": "__email7__",
            "lehang2013@gmail.com": "__email8__",
            "nhuhuongminh@gmail.com": "__email9__",
            "nguyenthihuyenhuyen77@gmail.com": "__email10__",
            "vuhongtam247@gmail.com": "__email11__",
            "hbh123456@gmail.com": "__email12__",
            "ductubuonho@gmail.com": "__email13__",
            "ohangace@gmail.com": "__email14__",
            "Dieuthuy555@gmail.com": "__email15__",
            "Cobekieungao05071987@yahoo.com": "__email16__",
            "cobekieungao050787@yahoo.com": "__email17__",
            "xuyenpochoem@gmail.com": "__email18__",
            "xuanphat99999535@gmail.com": "__email19__",
            "ntmayngt@gmail.com": "__email20__",
            "Tranngochalinh@gmail.com": "__email21__",
            "phamluocpgd1977@gmail.com": "__email22__",
            "tam161275@gmail.com": "__email23__",
            "nguyenbinhsldpt@gmail.com": "__email24__",
            "sweet_love104_ls@yahoo.com": "__email25__",
            "vothuonget@gmail.com": "__email26__",
            "nngocanh09@gmail.com": "__email27__",
            "son72652@gmail.com": "__email28__",
            "buinganduy@gmail.com": "__email29__",
            "lethithuphuong2099@gmail.com": "__email30__",
            "nguyenthilieu10051983@gmail.com": "__email31__",
            "longok463@gmail.com": "__email32__",
            "trangthai3081255@gmail.com": "__email33__",
            "Trinhbinhduong09@gmail.com": "__email34__",
            "hst2306@gmail.com": "__email35__",
            "tongkimtuoi0284@gmail.com": "__email36__",
            "tongkimtuoi22@gmail.com": "__email37__",
            "hothimen.victoria.@gmail.com": "__email38__",
            "nguyenthithuy24061234567890@gmail.com": "__email39__",
            "nguyenkhanhly999@gmail.com": "__email40__"
        },
        "index2entity": {
            "__email0__": "lienhe@sachmem.vn",
            "__email1__": "loveexoquang@gmail.com",
            "__email2__": "nguyenhoang33293@gmail.com",
            "__email3__": "nguyenhoa.01697788393@gmail.com",
            "__email4__": "quynhnn@phuongnam.edu.vn",
            "__email5__": "Truyenthong@phuongnam.edu.vn",
            "__email6__": "hongtam710@gmail.com",
            "__email7__": "huethieu0609@gmail.com",
            "__email8__": "lehang2013@gmail.com",
            "__email9__": "nhuhuongminh@gmail.com",
            "__email10__": "nguyenthihuyenhuyen77@gmail.com",
            "__email11__": "vuhongtam247@gmail.com",
            "__email12__": "hbh123456@gmail.com",
            "__email13__": "ductubuonho@gmail.com",
            "__email14__": "ohangace@gmail.com",
            "__email15__": "Dieuthuy555@gmail.com",
            "__email16__": "Cobekieungao05071987@yahoo.com",
            "__email17__": "cobekieungao050787@yahoo.com",
            "__email18__": "xuyenpochoem@gmail.com",
            "__email19__": "xuanphat99999535@gmail.com",
            "__email20__": "ntmayngt@gmail.com",
            "__email21__": "Tranngochalinh@gmail.com",
            "__email22__": "phamluocpgd1977@gmail.com",
            "__email23__": "tam161275@gmail.com",
            "__email24__": "nguyenbinhsldpt@gmail.com",
            "__email25__": "sweet_love104_ls@yahoo.com",
            "__email26__": "vothuonget@gmail.com",
            "__email27__": "nngocanh09@gmail.com",
            "__email28__": "son72652@gmail.com",
            "__email29__": "buinganduy@gmail.com",
            "__email30__": "lethithuphuong2099@gmail.com",
            "__email31__": "nguyenthilieu10051983@gmail.com",
            "__email32__": "longok463@gmail.com",
            "__email33__": "trangthai3081255@gmail.com",
            "__email34__": "Trinhbinhduong09@gmail.com",
            "__email35__": "hst2306@gmail.com",
            "__email36__": "tongkimtuoi0284@gmail.com",
            "__email37__": "tongkimtuoi22@gmail.com",
            "__email38__": "hothimen.victoria.@gmail.com",
            "__email39__": "nguyenthithuy24061234567890@gmail.com",
            "__email40__": "nguyenkhanhly999@gmail.com"
        },
        "count": {
            "__email0__": 614,
            "__email1__": 1,
            "__email2__": 1,
            "__email3__": 1,
            "__email4__": 1,
            "__email5__": 2,
            "__email6__": 2,
            "__email7__": 1,
            "__email8__": 1,
            "__email9__": 2,
            "__email10__": 1,
            "__email11__": 2,
            "__email12__": 1,
            "__email13__": 2,
            "__email14__": 1,
            "__email15__": 1,
            "__email16__": 1,
            "__email17__": 1,
            "__email18__": 1,
            "__email19__": 1,
            "__email20__": 1,
            "__email21__": 1,
            "__email22__": 1,
            "__email23__": 1,
            "__email24__": 1,
            "__email25__": 1,
            "__email26__": 1,
            "__email27__": 1,
            "__email28__": 1,
            "__email29__": 1,
            "__email30__": 1,
            "__email31__": 1,
            "__email32__": 1,
            "__email33__": 1,
            "__email34__": 1,
            "__email35__": 1,
            "__email36__": 3,
            "__email37__": 1,
            "__email38__": 1,
            "__email39__": 1,
            "__email40__": 1
        }
    },
    "phone": {
        "entity2index": {
            "0243 512 2222": "__phone0__",
            "0243 766 8142": "__phone1__",
            "(024)3512.22.22": "__phone2__",
            "091 807 1989": "__phone3__",
            "0243.7668142": "__phone4__",
            "0243.7347590": "__phone5__",
            "0243.8218899": "__phone6__",
            "0243.5122222": "__phone7__"
        },
        "index2entity": {
            "__phone0__": "0243 512 2222",
            "__phone1__": "0243 766 8142",
            "__phone2__": "(024)3512.22.22",
            "__phone3__": "091 807 1989",
            "__phone4__": "0243.7668142",
            "__phone5__": "0243.7347590",
            "__phone6__": "0243.8218899",
            "__phone7__": "0243.5122222"
        },
        "count": {
            "__phone0__": 8,
            "__phone1__": 8,
            "__phone2__": 40,
            "__phone3__": 1,
            "__phone4__": 57,
            "__phone5__": 57,
            "__phone6__": 57,
            "__phone7__": 1
        }
    }
}